{
  "2": {
    "inputs": {
      "model_name": "4x-ClearRealityV1.pth"
    },
    "class_type": "UpscaleModelLoader",
    "_meta": {
      "title": "Load Upscale Model"
    }
  },
  "3": {
    "inputs": {
      "upscale_model": [
        "2",
        0
      ],
      "image": [
        "9",
        0
      ]
    },
    "class_type": "ImageUpscaleWithModel",
    "_meta": {
      "title": "Upscale Image (using Model)"
    }
  },
  "8": {
    "inputs": {
      "directory": "",
      "image_load_cap": 0,
      "skip_first_images": 0,
      "select_every_nth": 1
    },
    "class_type": "VHS_LoadImagesPath",
    "_meta": {
      "title": "Load Images (Path) 🎥🅥🅗🅢"
    }
  },
  "9": {
    "inputs": {
      "image": [
        "8",
        0
      ]
    },
    "class_type": "ImpactImageBatchToImageList",
    "_meta": {
      "title": "Image Batch to Image List"
    }
  },
  "10": {
    "inputs": {
      "filename_prefix": "comfla/img",
      "images": [
        "3",
        0
      ]
    },
    "class_type": "SaveImage",
    "_meta": {
      "title": "Save Image"
    }
  }
}