{
  "4": {
    "inputs": {
      "torchscript_jit": "default",
      "image": [
        "14",
        0
      ]
    },
    "class_type": "InspyrenetRembg",
    "_meta": {
      "title": "Inspyrenet Rembg"
    }
  },
  "5": {
    "inputs": {
      "directory": "",
      "image_load_cap": 0,
      "skip_first_images": 0,
      "select_every_nth": 1
    },
    "class_type": "VHS_LoadImagesPath",
    "_meta": {
      "title": "Load Images (Path) 🎥🅥🅗🅢"
    }
  },
  "13": {
    "inputs": {
      "filename_prefix": "comfla/klaus",
      "images": [
        "4",
        0
      ]
    },
    "class_type": "SaveImage",
    "_meta": {
      "title": "Save Image"
    }
  },
  "14": {
    "inputs": {
      "image": [
        "5",
        0
      ]
    },
    "class_type": "ImpactImageBatchToImageList",
    "_meta": {
      "title": "Image Batch to Image List"
    }
  }
}