{
  "3": {
    "inputs": {
      "seed": 8582,
      "steps": 8,
      "cfg": 3.4,
      "sampler_name": "dpmpp_2s_ancestral",
      "scheduler": "karras",
      "denoise": 1,
      "model": [
        "4",
        0
      ],
      "positive": [
        "21",
        0
      ],
      "negative": [
        "21",
        1
      ],
      "latent_image": [
        "42",
        0
      ]
    },
    "class_type": "KSampler",
    "_meta": {
      "title": "KSampler"
    }
  },
  "4": {
    "inputs": {
      "ckpt_name": "sdxl/wildcardxXLTURBO_wildcardxXLTURBOV10.safetensors"
    },
    "class_type": "CheckpointLoaderSimple",
    "_meta": {
      "title": "Load Checkpoint"
    }
  },
  "7": {
    "inputs": {
      "text": "bad eyes, airbrushed, plastic, deformed, watermark, nsfw, ugly, blurry, cgi, 3D, digital,",
      "clip": [
        "103",
        0
      ]
    },
    "class_type": "CLIPTextEncode",
    "_meta": {
      "title": "Prompt (Negative)"
    }
  },
  "8": {
    "inputs": {
      "samples": [
        "3",
        0
      ],
      "vae": [
        "4",
        2
      ]
    },
    "class_type": "VAEDecode",
    "_meta": {
      "title": "VAE Decode"
    }
  },
  "21": {
    "inputs": {
      "strength": 0.9,
      "start_percent": 0.2,
      "end_percent": 1,
      "positive": [
        "34",
        0
      ],
      "negative": [
        "34",
        1
      ],
      "control_net": [
        "22",
        0
      ],
      "image": [
        "24",
        0
      ],
      "vae_optional": [
        "4",
        2
      ]
    },
    "class_type": "ACN_AdvancedControlNetApply",
    "_meta": {
      "title": "Apply Advanced ControlNet 🛂🅐🅒🅝"
    }
  },
  "22": {
    "inputs": {
      "reference_type": "reference_attn",
      "style_fidelity": 0.9500000000000001,
      "ref_weight": 1
    },
    "class_type": "ACN_ReferenceControlNet",
    "_meta": {
      "title": "Reference ControlNet 🛂🅐🅒🅝"
    }
  },
  "24": {
    "inputs": {
      "image": [
        "154",
        0
      ],
      "latent_size": [
        "43",
        0
      ],
      "vae": [
        "4",
        2
      ]
    },
    "class_type": "ACN_ReferencePreprocessor",
    "_meta": {
      "title": "Reference Preproccessor 🛂🅐🅒🅝"
    }
  },
  "28": {
    "inputs": {
      "images": [
        "239",
        0
      ]
    },
    "class_type": "PreviewImage",
    "_meta": {
      "title": "Lineart Preprocess"
    }
  },
  "31": {
    "inputs": {
      "text": "Water and Paint Splash Person",
      "clip": [
        "103",
        0
      ]
    },
    "class_type": "CLIPTextEncode",
    "_meta": {
      "title": "Prompt (Positive)"
    }
  },
  "34": {
    "inputs": {
      "strength": 0.85,
      "start_percent": 0,
      "end_percent": 1,
      "positive": [
        "31",
        0
      ],
      "negative": [
        "7",
        0
      ],
      "control_net": [
        "35",
        0
      ],
      "image": [
        "239",
        0
      ],
      "mask_optional": [
        "111",
        0
      ],
      "vae_optional": [
        "4",
        2
      ]
    },
    "class_type": "ACN_AdvancedControlNetApply",
    "_meta": {
      "title": "Apply Advanced ControlNet 🛂🅐🅒🅝"
    }
  },
  "35": {
    "inputs": {
      "control_net_name": "sdxl/mistoLine_fp16.safetensors"
    },
    "class_type": "ControlNetLoaderAdvanced",
    "_meta": {
      "title": "Load Advanced ControlNet Model 🛂🅐🅒🅝"
    }
  },
  "42": {
    "inputs": {
      "samples": [
        "43",
        0
      ],
      "mask": [
        "92",
        0
      ]
    },
    "class_type": "SetLatentNoiseMask",
    "_meta": {
      "title": "Set Latent Noise Mask"
    }
  },
  "43": {
    "inputs": {
      "pixels": [
        "154",
        0
      ],
      "vae": [
        "4",
        2
      ]
    },
    "class_type": "VAEEncode",
    "_meta": {
      "title": "VAE Encode"
    }
  },
  "46": {
    "inputs": {
      "expand": 15,
      "tapered_corners": false,
      "mask": [
        "102",
        0
      ]
    },
    "class_type": "GrowMask",
    "_meta": {
      "title": "GrowMask"
    }
  },
  "52": {
    "inputs": {
      "x": 0,
      "y": 0,
      "resize_source": false,
      "destination": [
        "154",
        0
      ],
      "source": [
        "8",
        0
      ],
      "mask": [
        "92",
        0
      ]
    },
    "class_type": "ImageCompositeMasked",
    "_meta": {
      "title": "ImageCompositeMasked"
    }
  },
  "65": {
    "inputs": {
      "blend_mode": "difference",
      "opacity": 1,
      "source_adjust": "stretch",
      "invert_mask": "no",
      "backdrop": [
        "240",
        0
      ],
      "source": [
        "236",
        0
      ]
    },
    "class_type": "BlendModes",
    "_meta": {
      "title": "Blend Modes"
    }
  },
  "69": {
    "inputs": {
      "images": [
        "65",
        0
      ]
    },
    "class_type": "PreviewImage",
    "_meta": {
      "title": "Preview Image"
    }
  },
  "70": {
    "inputs": {
      "threshold_r": 0.92,
      "threshold_g": 0.92,
      "threshold_b": 0.92,
      "image": [
        "65",
        0
      ]
    },
    "class_type": "MaskFromRGBCMYBW+",
    "_meta": {
      "title": "🔧 Mask From RGB/CMY/BW"
    }
  },
  "71": {
    "inputs": {
      "mask": [
        "73",
        0
      ]
    },
    "class_type": "MaskPreview+",
    "_meta": {
      "title": "🔧 Mask Preview"
    }
  },
  "72": {
    "inputs": {
      "iterations": 4,
      "masks": [
        "70",
        7
      ]
    },
    "class_type": "Mask Erode Region",
    "_meta": {
      "title": "Mask Erode Region"
    }
  },
  "73": {
    "inputs": {
      "expand": 60,
      "incremental_expandrate": 0,
      "tapered_corners": true,
      "flip_input": false,
      "blur_radius": 10,
      "lerp_alpha": 1,
      "decay_factor": 1,
      "fill_holes": true,
      "mask": [
        "72",
        0
      ]
    },
    "class_type": "GrowMaskWithBlur",
    "_meta": {
      "title": "Grow Mask With Blur"
    }
  },
  "87": {
    "inputs": {
      "filename_prefix": "comfla/img",
      "images": [
        "236",
        0
      ],
      "mask": [
        "153",
        0
      ]
    },
    "class_type": "SaveImageWithAlpha",
    "_meta": {
      "title": "Save Image With Alpha"
    }
  },
  "90": {
    "inputs": {
      "mask": [
        "92",
        0
      ]
    },
    "class_type": "MaskPreview+",
    "_meta": {
      "title": "🔧 Mask Preview"
    }
  },
  "92": {
    "inputs": {
      "radius_x": 25,
      "radius_y": 25,
      "masks": [
        "46",
        0
      ]
    },
    "class_type": "BlurMaskFast",
    "_meta": {
      "title": "Blur Mask (Fast)"
    }
  },
  "100": {
    "inputs": {
      "mask": [
        "70",
        7
      ]
    },
    "class_type": "MaskPreview+",
    "_meta": {
      "title": "🔧 Mask Preview"
    }
  },
  "102": {
    "inputs": {
      "width": [
        "154",
        1
      ],
      "height": [
        "154",
        2
      ],
      "keep_proportions": false,
      "upscale_method": "nearest-exact",
      "crop": "disabled",
      "mask": [
        "240",
        1
      ]
    },
    "class_type": "ResizeMask",
    "_meta": {
      "title": "Resize Mask"
    }
  },
  "103": {
    "inputs": {
      "stop_at_clip_layer": -2,
      "clip": [
        "4",
        1
      ]
    },
    "class_type": "CLIPSetLastLayer",
    "_meta": {
      "title": "CLIP Set Last Layer"
    }
  },
  "108": {
    "inputs": {
      "mask": [
        "102",
        0
      ]
    },
    "class_type": "MaskToImage",
    "_meta": {
      "title": "Convert Mask to Image"
    }
  },
  "109": {
    "inputs": {
      "low_threshold": 100,
      "high_threshold": 200,
      "resolution": 512,
      "image": [
        "108",
        0
      ]
    },
    "class_type": "CannyEdgePreprocessor",
    "_meta": {
      "title": "Canny Edge"
    }
  },
  "110": {
    "inputs": {
      "channel": "red",
      "image": [
        "109",
        0
      ]
    },
    "class_type": "ImageToMask",
    "_meta": {
      "title": "Convert Image to Mask"
    }
  },
  "111": {
    "inputs": {
      "expand": 20,
      "incremental_expandrate": 0,
      "tapered_corners": true,
      "flip_input": false,
      "blur_radius": 12,
      "lerp_alpha": 1,
      "decay_factor": 1,
      "fill_holes": false,
      "mask": [
        "110",
        0
      ]
    },
    "class_type": "GrowMaskWithBlur",
    "_meta": {
      "title": "Grow Mask With Blur"
    }
  },
  "112": {
    "inputs": {
      "mask": [
        "111",
        0
      ]
    },
    "class_type": "MaskPreview+",
    "_meta": {
      "title": "🔧 Mask Preview"
    }
  },
  "118": {
    "inputs": {
      "image": [
        "65",
        0
      ]
    },
    "class_type": "GetImageSize+",
    "_meta": {
      "title": "🔧 Get Image Size"
    }
  },
  "150": {
    "inputs": {
      "x": 0,
      "y": 0,
      "operation": "multiply",
      "destination": [
        "73",
        0
      ],
      "source": [
        "152",
        0
      ]
    },
    "class_type": "MaskComposite",
    "_meta": {
      "title": "MaskComposite"
    }
  },
  "151": {
    "inputs": {
      "mask": [
        "153",
        0
      ]
    },
    "class_type": "MaskPreview+",
    "_meta": {
      "title": "🔧 Mask Preview"
    }
  },
  "152": {
    "inputs": {
      "width": [
        "118",
        0
      ],
      "height": [
        "118",
        1
      ],
      "keep_proportions": false,
      "upscale_method": "nearest-exact",
      "crop": "disabled",
      "mask": [
        "92",
        0
      ]
    },
    "class_type": "ResizeMask",
    "_meta": {
      "title": "Resize Mask"
    }
  },
  "153": {
    "inputs": {
      "radius_x": 24,
      "radius_y": 24,
      "masks": [
        "150",
        0
      ]
    },
    "class_type": "BlurMaskFast",
    "_meta": {
      "title": "Blur Mask (Fast)"
    }
  },
  "154": {
    "inputs": {
      "width": 1920,
      "height": 1012,
      "interpolation": "lanczos",
      "method": "keep proportion",
      "condition": "always",
      "multiple_of": 0,
      "image": [
        "240",
        0
      ]
    },
    "class_type": "ImageResize+",
    "_meta": {
      "title": "🔧 Image Resize"
    }
  },
  "156": {
    "inputs": {
      "images": [
        "52",
        0
      ]
    },
    "class_type": "PreviewImage",
    "_meta": {
      "title": "Preview Image"
    }
  },
  "158": {
    "inputs": {
      "VAE": [
        "4",
        2
      ]
    },
    "class_type": "Anything Everywhere",
    "_meta": {
      "title": "Anything Everywhere"
    }
  },
  "213": {
    "inputs": {
      "filename_prefix": "comfla/normal",
      "images": [
        "236",
        0
      ]
    },
    "class_type": "SaveImage",
    "_meta": {
      "title": "Save Image"
    }
  },
  "231": {
    "inputs": {
      "upscale_by": 2,
      "seed": 347668444942759,
      "steps": 8,
      "cfg": 3,
      "sampler_name": "dpmpp_2s_ancestral",
      "scheduler": "karras",
      "denoise": 0.15,
      "mode_type": "Linear",
      "tile_width": 1024,
      "tile_height": 1024,
      "mask_blur": 8,
      "tile_padding": 32,
      "seam_fix_mode": "None",
      "seam_fix_denoise": 1,
      "seam_fix_width": 64,
      "seam_fix_mask_blur": 8,
      "seam_fix_padding": 16,
      "force_uniform_tiles": true,
      "tiled_decode": false,
      "image": [
        "52",
        0
      ],
      "model": [
        "4",
        0
      ],
      "positive": [
        "34",
        0
      ],
      "negative": [
        "34",
        1
      ],
      "vae": [
        "4",
        2
      ],
      "upscale_model": [
        "233",
        0
      ]
    },
    "class_type": "UltimateSDUpscale",
    "_meta": {
      "title": "Ultimate SD Upscale"
    }
  },
  "233": {
    "inputs": {
      "model_name": "4x-ClearRealityV1.pth"
    },
    "class_type": "UpscaleModelLoader",
    "_meta": {
      "title": "Load Upscale Model"
    }
  },
  "236": {
    "inputs": {
      "x": 0,
      "y": 0,
      "resize_source": true,
      "destination": [
        "240",
        0
      ],
      "source": [
        "231",
        0
      ]
    },
    "class_type": "ImageCompositeMasked",
    "_meta": {
      "title": "ImageCompositeMasked"
    }
  },
  "239": {
    "inputs": {
      "coarse": "disable",
      "resolution": 1024,
      "image": [
        "154",
        0
      ]
    },
    "class_type": "LineArtPreprocessor",
    "_meta": {
      "title": "Realistic Lineart"
    }
  },
  "240": {
    "inputs": {
      "directory": "",
      "image_load_cap": 0,
      "skip_first_images": 0,
      "select_every_nth": 1
    },
    "class_type": "VHS_LoadImagesPath",
    "_meta": {
      "title": "Load Images (Path) 🎥🅥🅗🅢"
    }
  }
}