{
  "4": {
    "inputs": {
      "ckpt_name": "SD15/toonyou_beta6.safetensors"
    },
    "class_type": "CheckpointLoaderSimple",
    "_meta": {
      "title": "Load Checkpoint"
    }
  },
  "6": {
    "inputs": {
      "text": "John F kennedy",
      "clip": [
        "10",
        0
      ]
    },
    "class_type": "CLIPTextEncode",
    "_meta": {
      "title": "CLIP Text Encode (Prompt)"
    }
  },
  "7": {
    "inputs": {
      "text": "(worst quality, low quality:1.4)",
      "clip": [
        "10",
        0
      ]
    },
    "class_type": "CLIPTextEncode",
    "_meta": {
      "title": "CLIP Text Encode (Prompt)"
    }
  },
  "8": {
    "inputs": {
      "samples": [
        "49",
        0
      ],
      "vae": [
        "4",
        2
      ]
    },
    "class_type": "VAEDecode",
    "_meta": {
      "title": "VAE Decode"
    }
  },
  "10": {
    "inputs": {
      "stop_at_clip_layer": -2,
      "clip": [
        "55",
        1
      ]
    },
    "class_type": "CLIPSetLastLayer",
    "_meta": {
      "title": "CLIP Set Last Layer"
    }
  },
  "49": {
    "inputs": {
      "seed": 11111111111,
      "steps": 6,
      "cfg": 1.6,
      "sampler_name": "lcm",
      "scheduler": "sgm_uniform",
      "denoise": 0.4,
      "model": [
        "56",
        0
      ],
      "positive": [
        "6",
        0
      ],
      "negative": [
        "7",
        0
      ],
      "latent_image": [
        "54",
        0
      ]
    },
    "class_type": "KSampler",
    "_meta": {
      "title": "KSampler"
    }
  },
  "54": {
    "inputs": {
      "pixels": [
        "65",
        0
      ],
      "vae": [
        "4",
        2
      ]
    },
    "class_type": "VAEEncode",
    "_meta": {
      "title": "VAE Encode"
    }
  },
  "55": {
    "inputs": {
      "lora_name": "lcm/SD1.5/pytorch_lora_weights.safetensors",
      "strength_model": 1,
      "strength_clip": 1,
      "model": [
        "4",
        0
      ],
      "clip": [
        "4",
        1
      ]
    },
    "class_type": "LoraLoader",
    "_meta": {
      "title": "Load LoRA"
    }
  },
  "56": {
    "inputs": {
      "sampling": "lcm",
      "zsnr": false,
      "model": [
        "55",
        0
      ]
    },
    "class_type": "ModelSamplingDiscrete",
    "_meta": {
      "title": "ModelSamplingDiscrete"
    }
  },
  "63": {
    "inputs": {
      "directory": "",
      "image_load_cap": 0,
      "skip_first_images": 0,
      "select_every_nth": 1
    },
    "class_type": "VHS_LoadImagesPath",
    "_meta": {
      "title": "Load Images (Path) 🎥🅥🅗🅢"
    }
  },
  "65": {
    "inputs": {
      "width": 1920,
      "height": 1080,
      "upscale_method": "nearest-exact",
      "keep_proportion": false,
      "divisible_by": 2,
      "crop": "disabled",
      "image": [
        "63",
        0
      ]
    },
    "class_type": "ImageResizeKJ",
    "_meta": {
      "title": "Resize Image"
    }
  },
  "66": {
    "inputs": {
      "filename_prefix": "comfla/img",
      "images": [
        "8",
        0
      ]
    },
    "class_type": "SaveImage",
    "_meta": {
      "title": "Save Image"
    }
  }
}